market,status,country_code,state_code,region,city,funding_rounds,funding_total_usd,funded_quarter
News,acquired,USA,NY,New York City,New York,1,1750000,2013-Q4
Tourism,operating,USA,TX,Dallas,Fort Worth,2,60000,2014-Q1
Software,operating,USA,NC,NC - Other,Connellys Springs,1,0,2012-Q4
Health and Wellness,operating,USA,CA,Los Angeles,Los Angeles,1,0,2013-Q1
Health and Wellness,operating,USA,NJ,Newark,Iselin,1,1750000,2011-Q1
E-Commerce,operating,USA,MD,Baltimore,Woodbine,4,2050000,2011-Q4
Search,operating,USA,OR,"Portland, Oregon",Lake Oswego,1,40000,2011-Q4
Curated Web,acquired,USA,CA,SF Bay Area,San Francisco,2,2535000,2012-Q1
Analytics,acquired,USA,CA,SF Bay Area,San Francisco,2,1250000,2010-Q4
Software,operating,USA,NY,New York City,New York,1,35000000,2010-Q4
Fashion,operating,CAN,ON,Toronto,Mississauga,1,0,2010-Q2
Enterprise Software,operating,USA,AL,Huntsville,Huntsville,1,1800000,2010-Q3
Sports,operating,USA,IL,Chicago,Chicago,1,0,2013-Q3
Real Estate,operating,USA,TX,TX - Other,Amarillo,1,0,2012-Q1
E-Commerce,acquired,USA,CA,Los Angeles,West Hollywood,1,0,2013-Q2
Software,operating,USA,WA,Seattle,Seattle,1,199957,2011-Q4
Games,operating,USA,FL,Orlando,Lake Mary,1,50000,2011-Q1
Software,acquired,USA,MA,Boston,Bedford,1,14000000,2011-Q3
Designers,operating,USA,IL,Chicago,Chicago,1,2500000,2010-Q4
Lifestyle,closed,USA,WA,Seattle,Kirkland,1,0,2013-Q3
E-Commerce,closed,USA,CA,"Orange County, California",Santa Ana,1,50000,2010-Q1
Video Chat,operating,USA,PA,Philadelphia,Philadelphia,1,0,2013-Q4
Software,operating,USA,WA,Seattle,Seattle,1,1450000,2013-Q4
Health and Wellness,operating,USA,CA,SF Bay Area,San Francisco,1,30000000,2012-Q4
Social Media,operating,USA,NH,"Manchester, New Hampshire",Hampton Falls,1,500000,2014-Q4
Manufacturing,operating,USA,TX,Houston,Houston,1,30000,2014-Q3
E-Commerce,operating,USA,NY,New York City,New York,4,117000000,2012-Q2
E-Commerce,operating,USA,NY,"Albany, New York",Saratoga Springs,1,750000,2011-Q1
Biotechnology,operating,USA,MD,"Washington, D.C.",Rockville,1,150000,2014-Q1
Big Data,operating,USA,CA,SF Bay Area,San Francisco,1,5050000,2014-Q2
Biotechnology,operating,USA,NY,NY - Other,Clarence,6,15034750,2014-Q2
Sports,operating,USA,FL,Florida's Space Coast,Rockledge,1,0,2012-Q3
Hardware + Software,operating,USA,NY,New York City,New York,1,600000,2010-Q3
Clean Technology,operating,USA,MD,Salisbury,Cambridge,1,16000000,2010-Q1
Software,closed,USA,NY,"Rochester, New York",Rochester,1,50000,2014-Q1
Software,operating,USA,IN,Indianapolis,Indianapolis,1,200000,2014-Q2
Tourism,operating,USA,CA,SF Bay Area,Stanford,1,0,2011-Q4
E-Commerce,closed,USA,CO,Denver,Boulder,1,118000,2010-Q2
Software,operating,USA,CA,SF Bay Area,San Pablo,1,250000,2012-Q3
Corporate IT,operating,USA,WA,Seattle,Seattle,4,37644420,2014-Q3
Messaging,operating,USA,IL,Chicago,Schaumburg,1,939000,2011-Q4
Software,operating,USA,MD,Baltimore,Hanover,6,95875000,2011-Q1
Biotechnology,operating,USA,CA,SF Bay Area,Menlo Park,4,78089000,2011-Q4
Transportation,operating,USA,CO,Denver,Denver,1,0,2011-Q2
Finance,operating,USA,IL,Chicago,Chicago,1,500000,2014-Q1
Advertising,operating,USA,NY,New York City,New York,5,25654560,2013-Q2
Consumer Electronics,operating,USA,PA,Pittsburgh,Pittsburgh,1,17800000,2012-Q4
Software,operating,CAN,ON,Toronto,Whitby,1,7650000,2011-Q3
Artificial Intelligence,operating,CAN,ON,Ottawa,Ottawa,2,4100000,2014-Q2
Software,operating,USA,MI,Detroit,Troy,1,0,2012-Q4
Bitcoin,operating,USA,CA,SF Bay Area,Sunnyvale,1,25000,2012-Q3
Electronic Health Records,closed,USA,MA,Boston,West Roxbury,2,500000,2012-Q3
Customer Service,operating,USA,MD,"Washington, D.C.",Rockville,2,5740000,2013-Q3
Enterprise Software,operating,USA,CA,SF Bay Area,San Francisco,1,28000,2014-Q3
Games,closed,USA,FL,Orlando,Longwood,2,503000,2012-Q4
Drones,operating,USA,CA,San Diego,San Diego,3,35000000,2013-Q1
Software,operating,USA,MN,Minneapolis,Minneapolis,3,909940,2014-Q4
Hardware + Software,operating,USA,MI,Detroit,Ann Arbor,1,150000,2013-Q4
E-Commerce,operating,USA,CA,SF Bay Area,Redwood City,1,400000,2013-Q2
E-Commerce,operating,USA,FL,Ft. Lauderdale,Lauderhill,1,1250000,2010-Q4
Automotive,operating,USA,IL,Chicago,Chicago,1,0,2012-Q3
Retail,operating,USA,KY,KY - Other,Covington,1,530000,2012-Q1
Music,operating,USA,WA,Seattle,Seattle,1,20000000,2014-Q1
Messaging,operating,USA,CA,SF Bay Area,San Francisco,1,4000000,2011-Q1
Software,operating,USA,AR,Fayetteville,Fayetteville,1,0,2013-Q4
Curated Web,operating,USA,UT,Salt Lake City,Salt Lake City,1,1500000,2010-Q4
Software,operating,USA,TX,Austin,Austin,1,2000000,2010-Q4
Human Resources,operating,USA,CA,SF Bay Area,San Francisco,1,0,2014-Q3
Software,operating,USA,CA,SF Bay Area,Santa Clara,1,1000000,2013-Q1
Security,operating,USA,CA,SF Bay Area,San Francisco,6,56567194,2013-Q3
Flash Storage,operating,USA,OH,"Columbus, Ohio",Columbus,2,3393925,2012-Q2
E-Commerce,operating,USA,WA,WA - Other,Stevenson,5,2234979,2014-Q4
Entrepreneur,operating,USA,GA,Atlanta,Atlanta,3,1050000,2013-Q2
Messaging,operating,USA,MD,Baltimore,Baltimore,1,750000,2012-Q1
Security,acquired,USA,CA,SF Bay Area,San Jose,4,38064570,2011-Q4
Software,operating,USA,GA,Atlanta,Tucker,1,1000000,2013-Q2
Commercial Real Estate,operating,USA,CA,SF Bay Area,San Francisco,4,17400000,2011-Q2
Software,operating,USA,WA,Seattle,Seattle,1,0,2014-Q3
Biotechnology,operating,USA,MA,Boston,Watertown,3,37956999,2014-Q2
Web Design,operating,USA,GA,Atlanta,Douglasville,1,0,2011-Q2
Games,operating,USA,NY,Long Island,Smithtown,1,450000,2011-Q2
Software,closed,USA,CA,SF Bay Area,San Jose,1,0,2014-Q2
Analytics,operating,USA,NY,New York City,New York,1,0,2010-Q4
Clean Technology,operating,USA,SC,Myrtle Beach,Conway,1,20900,2014-Q2
Clean Technology,operating,USA,CA,SF Bay Area,Menlo Park,2,1160000,2010-Q4
Hardware + Software,operating,USA,PA,Pittsburgh,Pittsburgh,4,60000000,2014-Q2
Software,operating,USA,NC,Raleigh,Morrisville,1,250000,2012-Q3
Mobile,operating,USA,TX,Dallas,Dallas,1,15000,2013-Q1
Consumer Electronics,operating,USA,FL,Ft. Lauderdale,Fort Lauderdale,1,180000,2011-Q2
Sports,operating,USA,RI,Providence,Johnston,1,0,2014-Q2
Women,operating,USA,CA,SF Bay Area,San Francisco,1,0,2011-Q2
E-Commerce,acquired,USA,CA,SF Bay Area,San Francisco,6,12900000,2011-Q4
Technology,operating,USA,WA,Seattle,Seattle,2,6100000,2011-Q2
Medical,operating,USA,CA,San Diego,Rancho Santa Fe,2,5955000,2011-Q4
Software,operating,USA,CA,Los Angeles,Los Angeles,1,8000000,2011-Q1
Video,acquired,USA,NY,New York City,New York,3,12800000,2014-Q2
Software,operating,USA,CO,Denver,Boulder,1,50000,2014-Q1
Distribution,operating,USA,NY,New York City,New York,1,250000,2011-Q3
Mobile,operating,USA,CA,SF Bay Area,San Francisco,1,7000000,2010-Q3
Mobile Games,operating,USA,CA,Sacramento,Roseville,1,3000000,2014-Q3
Internet Marketing,acquired,USA,WA,Seattle,Seattle,4,17129760,2013-Q4
Curated Web,operating,USA,CA,SF Bay Area,Mountain View,1,100000,2013-Q4
Software,operating,USA,IL,Chicago,Chicago,3,3050000,2010-Q1
Web Hosting,operating,USA,CA,SF Bay Area,San Francisco,1,2000000,2013-Q3
Enterprise Software,operating,USA,NC,Raleigh,Raleigh,5,25250000,2013-Q3
Software,acquired,USA,NC,Raleigh,Morrisville,2,6700000,2011-Q2
E-Commerce,closed,USA,TX,Austin,Austin,3,6528902,2014-Q3
Health and Wellness,operating,USA,VA,Norfolk - Virginia Beach,Virginia Beach,2,0,2014-Q4
Biotechnology,operating,USA,SC,Greenville - Spartanburg,Easley,1,1613014,2010-Q2
Games,operating,USA,FL,Ft. Lauderdale,Pompano Beach,1,10000000,2010-Q1
Small and Medium Businesses,operating,USA,FL,Ft. Lauderdale,Fort Lauderdale,5,2450000,2010-Q3
Manufacturing,operating,USA,TX,Houston,Pearland,1,1500000,2013-Q3
Software,operating,USA,WA,Seattle,Seattle,2,460775,2010-Q2
Web Hosting,operating,USA,OH,Akron - Canton,Akron,4,9850000,2011-Q1
Social Media,closed,CAN,ON,Toronto,Toronto,1,2100000,2014-Q4
E-Commerce,operating,USA,MD,"Washington, D.C.",Southern Md Facility,1,100000,2011-Q2
Curated Web,operating,USA,CA,SF Bay Area,San Francisco,1,0,2013-Q1
Health and Wellness,operating,USA,CA,Anaheim,Newport Beach,1,5100000,2011-Q4
Virtual Worlds,closed,USA,MA,Boston,Woburn,2,12250000,2014-Q4
Clean Technology,operating,USA,CA,Sacramento,Folsom,1,30000000,2010-Q1
Fashion,operating,USA,CA,Los Angeles,Los Angeles,1,0,2013-Q1
E-Commerce,acquired,USA,MN,Minneapolis,Minneapolis,3,15590000,2012-Q4
Music,operating,USA,CA,SF Bay Area,San Francisco,2,2779980,2013-Q1
Telecommunications,acquired,USA,CA,SF Bay Area,San Jose,1,30608728,2012-Q1
Consulting,operating,USA,CA,SF Bay Area,Menlo Park,2,4500000,2011-Q3
Manufacturing,operating,USA,MA,Boston,Boston,3,17700000,2013-Q2
Design,operating,USA,CA,SF Bay Area,San Francisco,1,35000000,2012-Q2
Enterprise Software,operating,USA,WA,Seattle,Redmond,2,925000,2013-Q4
Software,operating,USA,TX,Austin,Austin,1,435400,2012-Q3
Mobile Payments,operating,USA,NM,Albuquerque,Albuquerque,1,3500000,2014-Q1
Travel & Tourism,operating,USA,CA,Los Angeles,Los Angeles,1,0,2010-Q4
Health and Wellness,operating,USA,CA,Ontario - Inland Empire,Murrieta,1,0,2012-Q2
Water Purification,operating,USA,WI,Milwaukee,New Berlin,1,110000000,2014-Q2
Consulting,operating,USA,CO,Denver,Lakewood,1,0,2011-Q3
Biotechnology,operating,USA,MD,Baltimore,Columbia,2,2100002,2013-Q2
Health and Wellness,operating,USA,MN,Minneapolis,Minnetonka,1,250000,2010-Q4
News,operating,USA,CA,Los Angeles,Los Angeles,1,0,2013-Q4
Business Productivity,operating,USA,GA,Atlanta,Atlanta,1,20000,2014-Q1
Biotechnology,operating,USA,NC,"Wilmington - Cape Fear, North Carolina",Wilmington,1,20000000,2013-Q4
Music,operating,USA,FL,Ft. Lauderdale,Hollywood,1,350000,2014-Q1
Biotechnology,closed,USA,IN,Indianapolis,Indianapolis,1,500000,2011-Q2
Search,acquired,USA,CA,SF Bay Area,San Francisco,2,6000000,2014-Q4
Human Resources,operating,USA,IL,Chicago,Naperville,1,20000000,2012-Q2
Biotechnology,operating,USA,MI,Detroit,Ann Arbor,1,40000000,2011-Q4
Health Care Information Technology,operating,USA,MA,Boston,Boston,1,0,2012-Q2
Real Estate,operating,USA,FL,Gainesville,Inverness,1,0,2012-Q3
Software,operating,USA,NY,New York City,New York,1,3500000,2011-Q2
Clean Technology,operating,USA,FL,Miami,Miami,6,4211031,2010-Q2
Financial Services,operating,USA,MI,Detroit,Bloomfield Hills,1,0,2013-Q2
Biotechnology,operating,CAN,BC,Vancouver,Vancouver,3,400988,2014-Q2
E-Commerce,operating,USA,NY,New York City,New York,5,875000,2011-Q3
Health and Wellness,operating,USA,IL,Chicago,Des Plaines,2,6790000,2012-Q3
E-Commerce,operating,USA,IL,Chicago,Chicago,5,19148000,2013-Q1
Medical,operating,USA,TX,Dallas,Richardson,1,0,2013-Q3
Biotechnology,operating,USA,CA,SF Bay Area,Los Altos,3,39610000,2014-Q2
Biotechnology,operating,USA,NJ,Newark,Princeton,1,2250180,2014-Q4
Fashion,operating,USA,NY,New York City,New York,1,60000,2010-Q1
Health Care,operating,USA,MN,Minneapolis,Minneapolis,4,583000000,2013-Q1
Health Care,operating,USA,NY,New York City,New York,2,9000000,2011-Q2
Curated Web,operating,USA,MA,Boston,Boston,1,6467283,2011-Q4
Fitness,operating,USA,CA,SF Bay Area,San Francisco,1,0,2011-Q4
Cloud Infrastructure,operating,USA,CA,SF Bay Area,Redwood City,4,14130737,2011-Q4
Accounting,operating,USA,IL,Chicago,Evanston,1,500000,2013-Q4
M2M,operating,USA,NC,Raleigh,Raleigh,1,50000,2011-Q3
Health and Wellness,operating,USA,NJ,Philadelphia,Cherry Hill,1,500000,2013-Q4
Hardware + Software,operating,USA,CO,Denver,Wheat Ridge,5,12005448,2013-Q3
Software,operating,USA,CA,SF Bay Area,Mountain View,1,1273000,2011-Q3
Enterprise Software,operating,USA,TX,TX - Other,Italy,1,1000000,2014-Q3
Solar,operating,USA,CO,CO - Other,Loveland,2,510000000,2014-Q1
Identity Management,operating,USA,CA,SF Bay Area,San Francisco,3,17087500,2010-Q2
Curated Web,operating,USA,PA,Philadelphia,Paoli,5,4139407,2014-Q3
Business Services,operating,USA,OH,"Columbus, Ohio",Columbus,1,0,2013-Q1
Software,operating,USA,CA,SF Bay Area,Redwood City,1,2100000,2014-Q3
Software,operating,USA,MA,Boston,Lexington,1,450000,2014-Q4
Education,operating,USA,MA,Boston,Boston,1,50000,2014-Q3
Software,operating,USA,CO,Denver,Littleton,3,2757346,2014-Q4
Clean Technology,operating,USA,OH,Akron - Canton,Wooster,2,4250000,2014-Q1
Software,operating,USA,RI,Providence,Providence,1,200000,2012-Q2
Biotechnology,operating,USA,CA,Anaheim,Huntington Beach,1,1200000,2010-Q2
Health Care,operating,USA,TN,Knoxville,Knoxville,10,28364818,2013-Q2
Apps,operating,USA,TN,Nashville,Nashville,1,15000,2012-Q1
Web Hosting,operating,USA,MA,Boston,Maynard,2,23000000,2013-Q4
Finance,operating,USA,CA,Anaheim,Newport Beach,2,244600000,2012-Q1
Social Media,operating,USA,CA,SF Bay Area,San Francisco,4,17800000,2011-Q1
Video,acquired,USA,CA,SF Bay Area,San Francisco,1,0,2011-Q2
Advertising,operating,USA,CA,SF Bay Area,Mountain View,1,10000000,2014-Q3
Health Care,operating,USA,CA,San Diego,San Diego,2,101385000,2010-Q3
Finance,operating,USA,MA,Boston,Pembroke,1,4000000,2012-Q1
Mobile,operating,CAN,QC,Montreal,MontrŽal,3,31040000,2014-Q3
Software,operating,USA,CA,SF Bay Area,San Ramon,2,50000000,2013-Q4
Biotechnology,operating,USA,CA,SF Bay Area,Menlo Park,1,430000,2012-Q4
Medical Devices,operating,USA,AZ,Tucson,Tucson,4,63016244,2011-Q4
Health Care,closed,USA,CT,Hartford,Guilford,1,150000,2011-Q3
Analytics,operating,USA,KS,Kansas City,Overland Park,2,8500000,2013-Q1
Enterprise Software,operating,USA,CA,Los Angeles,Los Angeles,3,4045500,2013-Q4
Software,operating,USA,WA,Seattle,Bellingham,3,5705841,2010-Q4
Software,operating,USA,KY,Louisville,Louisville,1,0,2013-Q1
Enterprise Software,operating,USA,CA,SF Bay Area,Palo Alto,2,13410901,2012-Q4
Transportation,operating,USA,CO,Colorado Springs,Colorado Springs,2,28500000,2014-Q1
Health and Wellness,operating,USA,CA,San Diego,Carlsbad,1,4000000,2010-Q1
Retail,operating,USA,FL,Tampa,Ruskin,1,0,2012-Q4
Career Management,acquired,USA,CA,SF Bay Area,Santa Clara,4,25305000,2014-Q1
Biotechnology,operating,USA,CO,Denver,Broomfield,5,138581610,2010-Q1
Payments,operating,USA,CA,Lake Tahoe,Truckee,1,0,2014-Q3
Enterprise Software,operating,USA,CA,SF Bay Area,Livermore,1,0,2013-Q4
News,operating,USA,MD,"Washington, D.C.",Rockville,2,7380000,2014-Q1
Security,operating,USA,IL,IL - Other,Saybrook,1,30000000,2011-Q1
Advertising,operating,USA,NY,New York City,New York,2,3200000,2013-Q3
Services,acquired,USA,MA,Boston,Marlborough,1,1999998,2011-Q1
Biotechnology,operating,USA,WA,Seattle,Shoreline,1,250000,2013-Q4
Enterprise Software,operating,USA,UT,Salt Lake City,Lindon,2,45000000,2013-Q3
Sales and Marketing,operating,USA,CA,Los Angeles,Los Angeles,2,20000000,2011-Q4
Nonprofits,operating,USA,MA,Boston,Boston,2,23000000,2014-Q1
Nonprofits,operating,USA,TX,San Antonio,San Antonio,1,2800000,2013-Q2
Recruiting,operating,USA,OH,"Columbus, Ohio",Columbus,2,90000,2014-Q2
Hardware + Software,operating,USA,IL,Chicago,Lake Zurich,1,10000000,2011-Q3
Semiconductors,operating,USA,CA,SF Bay Area,Sunnyvale,3,33331814,2010-Q3
Healthcare Services,operating,USA,PA,Philadelphia,Plymouth Meeting,4,53744444,2013-Q4
Biotechnology,operating,USA,MI,Detroit,Ann Arbor,1,1200000,2014-Q2
Consulting,acquired,USA,CA,Los Angeles,El Segundo,1,4000000,2014-Q3
Finance,operating,USA,CA,SF Bay Area,San Ramon,4,34072000,2010-Q4
Enterprise Software,operating,USA,CA,Los Angeles,Santa Monica,2,32000000,2014-Q1
Software,operating,USA,CO,Denver,Denver,1,3315000,2011-Q3
Health and Wellness,operating,USA,KS,Kansas City,Olathe,1,760000,2012-Q1
Medical,operating,USA,NY,Buffalo,Buffalo,1,0,2011-Q3
Medical,operating,USA,AR,Little Rock,Little Rock,1,0,2013-Q3
Internet Radio Market,operating,USA,IL,Chicago,Chicago,1,2500000,2012-Q1
Real Estate,operating,USA,NC,Charlotte,Charlotte,3,67000000,2011-Q1
Software,operating,USA,CO,Denver,Westminster,2,4277507,2014-Q2
Hardware + Software,operating,USA,MI,Detroit,Ann Arbor,1,200000,2014-Q3
Hardware + Software,operating,USA,NY,Long Island,Huntington Station,2,30500000,2013-Q3
Medical,operating,USA,PA,Pittsburgh,Pittsburgh,3,1245092,2014-Q4
Advertising,operating,USA,CA,Los Angeles,El Segundo,5,18700000,2014-Q2
Public Relations,operating,USA,MD,"Washington, D.C.",Gaithersburg,1,5000000,2014-Q2
Technical Continuing Education,operating,USA,TX,Austin,Austin,1,0,2014-Q1
Health and Wellness,operating,USA,MD,Baltimore,Columbia,1,8700000,2013-Q2
Security,closed,USA,CA,SF Bay Area,San Francisco,1,2090000,2012-Q4
Health Care,operating,USA,MO,St. Louis,St Louis,1,600000,2013-Q2
Semiconductors,closed,CAN,QC,Montreal,MontrŽal,1,4880000,2014-Q2
Software,operating,USA,CA,SF Bay Area,Mountain View,1,3638201,2010-Q2
Biotechnology,operating,USA,MA,Boston,Boston,6,151250000,2010-Q3
Health Care,operating,USA,CA,SF Bay Area,South San Francisco,3,100905707,2010-Q2
Finance,operating,USA,IN,Louisville,Evansville,1,5000000,2010-Q2
Biotechnology,operating,USA,NC,Raleigh,Chapel Hill,1,3170442,2014-Q2
P2P Money Transfer,operating,USA,TX,Austin,Austin,1,12500000,2014-Q1
Software,operating,USA,PA,Philadelphia,Conshohocken,1,150000,2011-Q4
Enterprise Software,operating,USA,GA,Atlanta,Atlanta,3,3600000,2010-Q4
Incentives,operating,USA,CA,SF Bay Area,San Francisco,4,49122326,2014-Q4
Enterprise Software,operating,USA,CA,SF Bay Area,San Ramon,1,24000000,2010-Q4
Semiconductors,operating,USA,CA,SF Bay Area,Santa Clara,5,135776263,2011-Q1
Gamification,operating,USA,MA,Boston,Boston,1,1250000,2014-Q3
Software,operating,USA,CA,Los Angeles,Santa Monica,1,0,2013-Q1
Internet of Things,operating,USA,CA,SF Bay Area,Los Gatos,1,1400000,2014-Q3
Biotechnology,operating,USA,PA,Philadelphia,Malvern,2,42000000,2013-Q4
Consulting,operating,USA,FL,Miami,Miami,1,8000000,2011-Q1
Telecommunications,acquired,USA,MA,Boston,Bedford,1,22247779,2011-Q2
Android,acquired,USA,CA,SF Bay Area,San Francisco,1,7300000,2010-Q3
Analytics,operating,USA,CA,CA - Other,Lucerne Valley,1,20000,2014-Q4
Apps,operating,USA,CA,Anaheim,Newport Beach,3,8960000,2011-Q4
Software,acquired,USA,TX,Austin,Austin,1,7974296,2014-Q4
Clean Technology,operating,USA,TX,Houston,Houston,4,15000000,2010-Q1
Curated Web,acquired,USA,NY,New York City,New York,1,40000,2011-Q3
Enterprise Software,operating,USA,MA,Boston,Burlington,7,118500000,2014-Q1
Advertising Platforms,operating,CAN,QC,Brossard,Brossard,3,12100000,2010-Q1
Semantic Search,operating,USA,NY,New York City,New York,1,0,2011-Q2
Biotechnology,operating,USA,NJ,Newark,Red Bank,2,3162000,2014-Q3
Enterprise Software,operating,USA,NJ,NJ - Other,Marlton,1,6000000,2013-Q4
Internet,operating,USA,CA,SF Bay Area,Fremont,6,57616859,2014-Q4
Software,operating,USA,CA,SF Bay Area,Belmont,1,15600000,2012-Q3
Manufacturing,operating,USA,UT,UT - Other,Alpine,1,0,2012-Q1
Consulting,operating,USA,MN,Minneapolis,Plymouth,1,137500,2013-Q1
Enterprise Software,operating,USA,MA,Boston,Waltham,5,207500000,2012-Q4
Biotechnology,operating,USA,NY,New York City,New York,2,7000720,2013-Q2
Finance,operating,USA,CA,CA - Other,Ceres,1,0,2012-Q3
Mobile,acquired,USA,WA,Seattle,Bellevue,5,58200000,2013-Q4
Collectibles,operating,USA,MO,St. Louis,St Louis,2,100000,2014-Q4
Business Intelligence,operating,USA,NY,New York City,New York,1,0,2013-Q4
Mobile,operating,USA,NY,New York City,New York,2,6000000,2011-Q1
Health Care,operating,USA,IN,Indianapolis,Indianapolis,2,950000,2013-Q4
Health Care,operating,USA,MA,Boston,Newton,3,16000000,2014-Q1
Consulting,operating,USA,FL,Tampa,Clearwater,1,0,2013-Q3
Enterprise Software,operating,USA,MA,Boston,Waltham,5,22500000,2011-Q1
Biotechnology,operating,USA,TN,Memphis,Memphis,11,99717506,2012-Q4
Advertising,operating,USA,NY,New York City,Pearl River,1,35000000,2011-Q3
E-Commerce,operating,USA,CO,Denver,Denver,1,1300000,2014-Q4
Biotechnology,operating,USA,CA,Santa Barbara,Santa Barbara,3,925000,2014-Q2
Software,operating,USA,CA,SF Bay Area,San Francisco,1,7823112,2014-Q2
Software,acquired,USA,TX,Dallas,Dallas,10,214208700,2014-Q1
Enterprise Software,closed,USA,CA,Los Angeles,Torrance,4,16400000,2014-Q3
Consulting,operating,USA,OR,"Salem, Oregon",Mcminnville,1,5000,2013-Q4
Financial Services,operating,USA,CA,SF Bay Area,Palo Alto,1,4099999,2010-Q3
Education,operating,USA,WA,Seattle,Seattle,1,899955,2014-Q3
Health and Wellness,operating,USA,NV,NV - Other,Incline Village,1,600000,2010-Q4
Finance,operating,USA,NY,New York City,New York,2,13250001,2013-Q2
Real Estate,operating,USA,WA,Seattle,Seattle,1,2750000,2011-Q3
Sports,operating,USA,CA,Los Angeles,Los Angeles,1,2100000,2012-Q2
Mobile Security,operating,USA,OR,"Portland, Oregon",Portland,2,680000,2011-Q1
Enterprise Software,acquired,USA,CA,SF Bay Area,Fremont,1,5422959,2011-Q3
Internet,operating,USA,MD,"Washington, D.C.",Bethesda,2,185000,2014-Q2
Education,operating,USA,CA,SF Bay Area,San Jose,2,2200000,2013-Q2
Biotechnology,acquired,USA,MA,Boston,Marlborough,4,36700005,2011-Q4
Health Care,operating,USA,CT,Hartford,East Hartford,2,550000,2013-Q4
Hardware + Software,operating,USA,PA,PA - Other,Bellefonte,1,150000,2012-Q4
Software,operating,USA,CA,San Diego,Carlsbad,1,242500,2011-Q2
Telecommunications,operating,USA,CA,Los Angeles,Beverly Hills,4,11879704,2013-Q2
Biotechnology,operating,USA,WA,Seattle,Seattle,2,2670394,2011-Q3
Biotechnology,operating,USA,WA,Seattle,Seattle,1,439603,2010-Q4
Health Care,operating,USA,CA,Anaheim,Irvine,2,86000000,2013-Q3
Health Care,operating,USA,MN,Minneapolis,Minneapolis,1,1500321,2014-Q1
Ad Targeting,operating,USA,NY,New York City,New York,1,3000000,2013-Q2
Development Platforms,operating,USA,WA,Seattle,Kirkland,4,23300000,2010-Q3
Video,operating,USA,CA,SF Bay Area,San Francisco,1,0,2010-Q1
E-Commerce,operating,USA,AR,Fayetteville,Fayetteville,3,93000000,2014-Q1
Biotechnology,operating,USA,CA,SF Bay Area,Livermore,2,2200000,2014-Q3
Public Relations,operating,USA,CA,SF Bay Area,Foster City,1,0,2013-Q4
Biotechnology,operating,USA,IL,Chicago,Palatine,2,10300000,2011-Q2
Biotechnology,operating,USA,MA,Boston,Lexington,2,10000000,2012-Q2
Mass Customization,operating,USA,NY,New York City,New York,1,0,2010-Q4
Biotechnology,operating,USA,CA,San Diego,San Diego,5,63176464,2010-Q4
Biotechnology,operating,USA,WA,Seattle,Seattle,2,6400000,2010-Q3
Mobile,operating,USA,CA,Los Angeles,Los Angeles,2,2000000,2011-Q1
Social Media Advertising,closed,USA,TX,Houston,Houston,1,50000,2011-Q1
Advertising,operating,USA,NY,New York City,New York,2,4549999,2011-Q1
Software,operating,USA,TX,Dallas,Dallas,2,175000,2014-Q1
Health Care,operating,USA,CA,Los Angeles,Laguna Hills,2,6637111,2011-Q2
Security,operating,USA,CA,SF Bay Area,Menlo Park,2,19500000,2010-Q4
Nanotechnology,operating,USA,HI,Honolulu,Honolulu,4,7131660,2014-Q3
Health Care,operating,USA,CA,SF Bay Area,Emeryville,4,82000000,2014-Q2
Biotechnology,operating,USA,CA,San Diego,San Diego,5,16377078,2013-Q1
Manufacturing,operating,USA,FL,Tampa,Palm Harbor,1,2700000,2013-Q3
Software,operating,USA,AR,Fayetteville,Fayetteville,1,0,2013-Q3
Television,acquired,USA,CA,SF Bay Area,San Mateo,5,48500000,2011-Q3
Health Care,operating,USA,CO,Colorado Springs,Colorado Springs,2,225000,2014-Q4
Mobile,operating,USA,MA,Boston,Lexington,3,5954000,2014-Q1
Internet Marketing,operating,USA,CA,SF Bay Area,San Francisco,1,0,2013-Q4
Bio-Pharm,operating,USA,WA,Seattle,Seattle,3,112499480,2014-Q1
Cloud Management,operating,USA,UT,Salt Lake City,Provo,3,22999999,2010-Q4
Semiconductors,operating,USA,CA,SF Bay Area,San Jose,1,4000000,2013-Q4
Biotechnology,operating,USA,WA,Seattle,Seattle,1,1099000,2014-Q2
Semantic Web,operating,USA,NY,New York City,New York,4,24020000,2010-Q1
Public Relations,acquired,USA,TX,Dallas,Carrollton,2,6500000,2013-Q3
Collaboration,operating,USA,WA,Seattle,Seattle,6,30000000,2014-Q1
Advertising,operating,USA,CA,SF Bay Area,Mountain View,4,44115160,2010-Q2
Biotechnology,operating,USA,VA,"Washington, D.C.",Chantilly,1,0,2014-Q3
Big Data,operating,USA,CA,SF Bay Area,Sunnyvale,1,13000000,2011-Q1
Finance,operating,USA,IN,Indianapolis,Indianapolis,1,20000000,2013-Q1
Publishing,acquired,USA,CA,SF Bay Area,San Francisco,4,40400000,2011-Q1
Advertising,operating,USA,NY,New York City,New York,2,6500000,2012-Q1
Health Care,operating,USA,GA,Atlanta,Roswell,6,34358700,2010-Q4
Location Based Services,acquired,CAN,ON,Toronto,Toronto,1,2940000,2012-Q4
Advertising,acquired,USA,CA,SF Bay Area,Foster City,7,119191000,2012-Q3
Industrial,acquired,USA,MA,Boston,Marlborough,1,0,2010-Q4
Entertainment,acquired,USA,CA,Los Angeles,Santa Monica,3,114000000,2011-Q3
SaaS,operating,USA,CA,SF Bay Area,Mountain View,2,65839694,2013-Q3
Health Care,operating,USA,TN,Nashville,Brentwood,2,3800000,2014-Q2
Social Media,closed,CAN,ON,Ottawa,Ottawa,2,54493,2014-Q1
Automotive,operating,USA,TX,Houston,Houston,3,12550000,2014-Q2
Advertising,operating,USA,CA,Los Angeles,Beverly Hills,1,1000000,2012-Q3
Trusted Networks,operating,USA,CA,SF Bay Area,San Francisco,1,110000,2014-Q2
Social Buying,operating,USA,NC,Charlotte,Charlotte,1,725000,2014-Q2
Advertising,operating,USA,VA,"Washington, D.C.",Vienna,7,73000000,2011-Q3
Health Care,operating,USA,IL,Chicago,Palatine,1,1240000,2014-Q2
Consulting,acquired,USA,TX,Dallas,Irving,1,5000000,2011-Q2
E-Commerce,operating,USA,TX,Austin,Austin,2,1500000,2013-Q4
Sales and Marketing,acquired,USA,CA,Santa Barbara,Carpinteria,1,3100000,2014-Q3
Education,operating,USA,NH,"Manchester, New Hampshire",Concord,2,505000,2010-Q2
Mobile,operating,USA,MA,Boston,Waltham,2,12000000,2012-Q1
Enterprise Software,acquired,USA,CA,SF Bay Area,San Mateo,2,1015000,2011-Q1
Optimization,operating,USA,CA,SF Bay Area,Mountain View,2,1800000,2012-Q3
Software,operating,USA,IL,Chicago,Rolling Meadows,1,6000000,2013-Q3
Semiconductors,operating,USA,CA,SF Bay Area,Sunnyvale,6,43981909,2010-Q2
Advertising,operating,USA,CA,SF Bay Area,Mountain View,1,2665604,2013-Q1
Advertising,operating,USA,CA,SF Bay Area,San Francisco,2,5500000,2012-Q1
E-Commerce,operating,USA,CA,Los Angeles,Glendale,1,720000,2013-Q4
Real Time,operating,USA,MO,St. Louis,Columbia,3,328000,2011-Q2
Advertising,acquired,USA,CA,SF Bay Area,San Francisco,2,470000,2010-Q3
Advertising,operating,CAN,BC,Vancouver,Vancouver,1,81874,2010-Q2
Health and Wellness,closed,USA,GA,Atlanta,Peachtree City,1,300000,2011-Q2
Software,operating,USA,NC,Charlotte,Charlotte,1,2246171,2013-Q2
Advertising,operating,USA,AZ,Phoenix,Scottsdale,1,1500000,2011-Q1
Mobile,operating,USA,CA,Los Angeles,Los Angeles,1,2000000,2014-Q3
Biotechnology,operating,USA,VA,"Washington, D.C.",Charlottesville,2,6731042,2011-Q2
Biotechnology,acquired,USA,CA,SF Bay Area,Redwood City,1,23000000,2010-Q2
Biotechnology,operating,USA,AZ,Tucson,Tucson,2,2649402,2010-Q1
Advertising,acquired,USA,CA,SF Bay Area,San Bruno,2,27000000,2011-Q4
Local Based Services,acquired,USA,CA,SF Bay Area,San Francisco,2,100000,2011-Q2
Biotechnology,operating,USA,NH,"Manchester, New Hampshire",Lebanon,9,39682384,2014-Q2
Mobile,operating,USA,CA,SF Bay Area,San Francisco,2,4000000,2014-Q3
Big Data,operating,USA,CA,SF Bay Area,San Bruno,1,5600000,2010-Q3
Advertising,operating,USA,CA,SF Bay Area,San Francisco,1,3301958,2012-Q1
Marketplaces,operating,USA,CA,SF Bay Area,Oakland,2,256000,2013-Q1
Medical,operating,USA,MO,St. Louis,St Louis,2,550000,2014-Q4
Mobile,operating,USA,CA,SF Bay Area,San Francisco,3,11900000,2013-Q3
Advertising,operating,USA,NY,New York City,New York,2,43000000,2013-Q4
Mobile Games,operating,USA,MO,Kansas City,Kansas City,2,248000000,2011-Q3
Software,acquired,USA,CA,SF Bay Area,San Francisco,3,1540000,2014-Q1
Creative,operating,USA,CT,Hartford,West Hartford,3,6544400,2011-Q1
Auctions,acquired,USA,NY,New York City,New York,3,30000000,2011-Q1
Digital Signage,operating,CAN,QC,Levis,LŽvis,2,0,2010-Q3
Health Care,operating,USA,TX,Austin,Austin,1,1990000,2012-Q3
Education,operating,USA,NY,New York City,New York,2,1240000,2013-Q1
Advertising,operating,USA,FL,Miami,Miami Beach,1,2200000,2014-Q1
Biotechnology,operating,USA,CA,San Diego,San Diego,2,7588201,2012-Q2
Social Media,operating,USA,CA,Sacramento,Davis,1,500000,2013-Q2
Displays,acquired,USA,TX,Austin,Austin,4,29125000,2013-Q4
Advertising,operating,USA,CA,Los Angeles,Santa Monica,1,1700000,2010-Q1
Messaging,acquired,USA,CA,SF Bay Area,Cupertino,2,22000000,2013-Q4
Social Commerce,acquired,USA,WA,Seattle,Seattle,5,56464869,2012-Q3
Search,operating,USA,CA,Los Angeles,Santa Monica,2,100000,2014-Q2
Software,operating,USA,VA,"Washington, D.C.",Reston,1,0,2010-Q2
Advertising,acquired,USA,WA,Seattle,Seattle,4,17807000,2014-Q1
Hospitals,operating,USA,AZ,Phoenix,Phoenix,1,0,2012-Q2
Advertising,operating,USA,CA,SF Bay Area,San Francisco,1,1000000,2014-Q2
Advertising,operating,USA,CA,SF Bay Area,San Francisco,4,89000000,2011-Q3
Software,acquired,USA,WA,Seattle,Bellevue,1,20000000,2011-Q1
Advertising,operating,USA,NY,New York City,New York,1,75000,2013-Q4
Internet Marketing,operating,USA,NY,Long Island,Great Neck,2,1200000,2014-Q4
Advertising,acquired,USA,CA,SF Bay Area,San Francisco,2,0,2013-Q3
Software,operating,USA,CA,SF Bay Area,San Francisco,4,8750000,2011-Q4
Outdoor Advertising,operating,USA,NY,New York City,New York,4,3118000,2010-Q2
Advertising,operating,USA,CA,SF Bay Area,San Francisco,1,5100000,2010-Q4
Advertising,operating,USA,NY,New York City,New York,1,4000000,2014-Q3
Mobile Advertising,operating,USA,CA,SF Bay Area,San Francisco,1,500000,2014-Q1
Advertising,operating,USA,NY,New York City,New York,1,0,2014-Q1
Social Media,operating,USA,GA,Atlanta,Lilburn,2,2300000,2010-Q1
Clean Energy,acquired,USA,CA,SF Bay Area,San Francisco,3,25500000,2012-Q4
Biotechnology,operating,USA,CA,SF Bay Area,Berkeley,7,91980947,2014-Q2
Search,closed,USA,NY,New York City,New York,1,100000,2012-Q4
Biotechnology,operating,USA,NC,Raleigh,Durham,3,19500000,2014-Q2
Manufacturing,operating,USA,CO,CO - Other,Greeley,1,480000,2014-Q2
Clean Technology,operating,USA,MI,Flint,Clare,1,1210000,2013-Q2
Biotechnology,operating,USA,MN,Minneapolis,Minneapolis,1,7746327,2011-Q3
Biotechnology,acquired,USA,CT,Hartford,Westport,2,33500000,2010-Q3
Hardware + Software,operating,USA,IN,Indianapolis,West Lafayette,1,444000,2011-Q2
Biotechnology,operating,USA,NY,New York City,Middletown,1,205250,2011-Q3
Biotechnology,operating,USA,MD,Baltimore,Columbia,2,1810275,2014-Q2
Health Care,operating,USA,CA,San Diego,Carlsbad,1,836778,2014-Q3
Biotechnology,operating,USA,TN,Chattanooga,Chattanooga,4,9850000,2010-Q4
Biotechnology,operating,USA,CA,SF Bay Area,Hayward,3,18800000,2010-Q1
Biotechnology,operating,USA,CA,Los Angeles,Santa Monica,3,57777000,2011-Q2
Hardware + Software,operating,USA,MN,MN - Other,Rockville,2,2807000,2012-Q2
Medical Devices,operating,USA,IL,Chicago,Chicago,1,1500000,2013-Q3
Software,operating,USA,MN,Minneapolis,Eagan,1,166000,2010-Q2
Semiconductors,operating,USA,IL,Chicago,Romeoville,1,5200000,2014-Q2
Clean Technology,operating,USA,AZ,Phoenix,Chandler,1,1250000,2013-Q1
Health Care,operating,USA,MO,St. Louis,St Louis,3,10500500,2010-Q1
Semiconductors,operating,USA,OR,"Portland, Oregon",Hillsboro,11,36519878,2010-Q2
Hardware + Software,acquired,USA,NC,Raleigh,Morrisville,6,5455180,2014-Q1
Advertising,closed,USA,CT,Hartford,Stamford,1,500000,2011-Q3
Biotechnology,operating,USA,WA,WA - Other,Kennewick,1,525000,2014-Q3
App Marketing,acquired,USA,PA,Philadelphia,Wayne,1,0,2013-Q4
Clean Technology,operating,CAN,AB,Sherwood Park,Sherwood Park,1,0,2012-Q2
Health Care,operating,USA,MA,Boston,Hingham,2,200000,2014-Q1
Medical,operating,USA,VA,Alexandria,Alexandria,1,0,2014-Q4
Analytics,operating,USA,MI,Detroit,Ann Arbor,1,562336,2011-Q4
Biotechnology,operating,USA,MA,Boston,Boston,5,2077950,2013-Q1
Games,operating,USA,NH,"Manchester, New Hampshire",Rochester,1,83606,2013-Q3
Health and Wellness,operating,USA,LA,Baton Rouge,Baton Rouge,2,798542,2010-Q3
Software,operating,USA,IL,Chicago,Morton Grove,2,1325000,2011-Q3
Clean Technology,operating,USA,CA,San Diego,San Diego,1,0,2013-Q4
Health Care,operating,USA,CA,Los Angeles,Pasadena,1,250000,2014-Q3
Manufacturing,operating,USA,PA,Scranton,Hazleton,2,335000,2011-Q1
Biotechnology,operating,USA,MA,Boston,Woburn,3,22200000,2014-Q2
Biotechnology,operating,USA,MA,Boston,Auburndale,1,500000,2010-Q4
Biotechnology,operating,USA,CA,Santa Barbara,Moorpark,1,4475000,2012-Q4
Networking,operating,USA,MD,Baltimore,Edgewater,1,0,2014-Q1
Mobile,operating,USA,CA,SF Bay Area,Santa Clara,1,4560000,2010-Q4
Travel,operating,USA,CA,Los Angeles,Altadena,1,0,2013-Q2
Health and Wellness,operating,USA,CA,Napa Valley,Santa Rosa,1,2000000,2011-Q4
Legal,operating,USA,CA,SF Bay Area,Sausalito,2,1000000,2014-Q3
Mobile,operating,USA,CA,SF Bay Area,San Francisco,3,395000,2012-Q4
Finance,operating,USA,NY,New York City,New York,2,5000000,2011-Q2
Legal,operating,CAN,BC,Vancouver,Victoria,1,176988,2014-Q2
Advertising Platforms,operating,USA,CA,SF Bay Area,San Francisco,1,400000,2013-Q4
E-Commerce,operating,USA,AL,Montgomery,Montgomery,1,0,2014-Q3
Health and Wellness,operating,USA,IL,Chicago,Oak Brook,1,18000000,2014-Q1
Marketing Automation,operating,USA,OR,"Portland, Oregon",Portland,1,1200000,2014-Q1
Advertising,operating,USA,CA,SF Bay Area,Sunnyvale,1,0,2013-Q1
SaaS,acquired,USA,WA,Seattle,Seattle,3,22800000,2013-Q2
Sales and Marketing,operating,USA,IL,Chicago,Chicago,2,2200000,2013-Q1
Mobile,operating,USA,NY,New York City,Brooklyn,1,125001,2012-Q3
Biotechnology,operating,USA,CA,SF Bay Area,San Francisco,3,7540560,2014-Q2
Marketplaces,operating,USA,NJ,Newark,Edgewater,1,250000,2011-Q4
Advertising,closed,USA,CA,SF Bay Area,Brisbane,1,10250000,2014-Q4
Health Care,operating,USA,NJ,Newark,Bridgewater,2,19814760,2013-Q1
Software,operating,USA,CO,Denver,Englewood,3,2725000,2010-Q2
Mobile,operating,CAN,BC,Burnaby,Burnaby,9,12256689,2014-Q1
Therapeutics,operating,USA,TX,Austin,Austin,2,24000000,2011-Q4
Semiconductors,acquired,USA,CA,SF Bay Area,Mountain View,1,7970000,2014-Q4
Biotechnology,operating,USA,CA,"Orange County, California",Mission Viejo,6,11755550,2011-Q4
Pharmaceuticals,operating,CAN,BC,Vancouver,Vancouver,1,4200000,2014-Q3
Health and Wellness,operating,USA,NY,New York City,Pearl River,1,14727601,2012-Q1
Curated Web,operating,USA,NY,New York City,New York,4,97000000,2014-Q1
Games,operating,USA,CA,SF Bay Area,Santa Clara,2,288000,2014-Q4
Video,operating,USA,NY,New York City,New York,1,1000000,2013-Q1
Biotechnology,operating,USA,CA,SF Bay Area,Santa Clara,3,774998,2014-Q2
Internet of Things,operating,USA,CA,SF Bay Area,Santa Clara,1,1000000,2014-Q2
Clean Technology,operating,USA,CA,Anaheim,Anaheim,1,599918,2011-Q2
Hospitality,operating,USA,NY,New York City,New York,2,500000,2010-Q2
Technology,operating,USA,CA,SF Bay Area,Sunnyvale,6,104952382,2012-Q4
Curated Web,operating,USA,FL,Miami,Miami,1,5000000,2010-Q1
Consumers,operating,USA,NY,New York City,New York,1,150000000,2011-Q1
Web Hosting,operating,USA,NH,"Manchester, New Hampshire",Amherst,3,45400000,2013-Q4
Wireless,acquired,USA,CA,SF Bay Area,Redwood City,2,28000000,2011-Q2
Real Time,operating,USA,CA,SF Bay Area,Mountain View,3,22000000,2010-Q1
Biotechnology,closed,USA,CA,CA - Other,Lucerne Valley,5,120500000,2012-Q3
Biotechnology,operating,USA,OH,Cincinnati,Cincinnati,4,63000000,2012-Q1
DOD/Military,operating,CAN,ON,Toronto,Waterloo,1,0,2013-Q2
Biotechnology,operating,USA,MA,Boston,Newton,3,3455150,2013-Q4
Mobile,operating,USA,NJ,Newark,South Plainfield,1,6000000,2012-Q2
Health Care,operating,USA,CA,San Diego,San Diego,10,8381234,2010-Q4
Travel,operating,USA,CA,SF Bay Area,San Francisco,1,16000000,2010-Q3
Analytics,operating,USA,MA,Boston,Waltham,5,21899999,2011-Q1
Nonprofits,operating,USA,TX,Dallas,Richardson,1,0,2011-Q1
Internet,operating,USA,TX,Austin,Austin,2,550000,2014-Q2
Biotechnology,operating,USA,NC,Raleigh,Durham,1,3000000,2014-Q1
Biotechnology,operating,USA,CT,Hartford,New Haven,1,1359394,2014-Q1
Social Media,operating,USA,CA,Los Angeles,Venice,2,200000,2014-Q3
Biotechnology,operating,USA,OH,Cleveland,Cleveland,1,400000,2012-Q3
Advertising,operating,USA,WA,Seattle,Kirkland,2,1500000,2014-Q3
Blogging Platforms,operating,CAN,QC,Gatineau,Gatineau,2,1073288,2012-Q3
Finance Technology,operating,USA,CA,SF Bay Area,San Francisco,1,45000000,2011-Q2
Mobile,operating,USA,MA,Boston,Acton,5,116990000,2012-Q2
Biotechnology,operating,USA,CT,Hartford,Branford,1,7000000,2013-Q3
Real Estate,operating,USA,CT,CT - Other,East Granby,1,0,2013-Q4
E-Commerce,operating,USA,OH,"Columbus, Ohio",Powell,1,600000,2013-Q2
Biotechnology,operating,USA,CA,SF Bay Area,Palo Alto,1,41999999,2010-Q1
Mobile,operating,USA,NY,New York City,New York,1,1500000,2014-Q3
Analytics,operating,USA,VA,"Washington, D.C.",Reston,1,0,2010-Q4
Food Processing,operating,USA,PA,Pittsburgh,Pittsburgh,1,1000,2014-Q2
Enterprise Software,operating,USA,AZ,Phoenix,Phoenix,3,10200000,2011-Q4
Software,operating,USA,NY,New York City,New York,1,100000,2011-Q4
SaaS,operating,CAN,BC,Vancouver,Vancouver,1,1107000,2010-Q3
Machine Learning,operating,USA,CA,SF Bay Area,San Francisco,2,0,2011-Q3
Legal,operating,USA,NY,New York City,New York,1,0,2013-Q4
Curated Web,operating,USA,NY,NY - Other,Queens,1,20000,2013-Q3
Hardware + Software,operating,USA,CA,SF Bay Area,Sunnyvale,1,50000000,2010-Q4
Biotechnology,operating,USA,NC,Raleigh,Raleigh,1,17500000,2010-Q2
Privacy,operating,USA,PA,Harrisburg,York Haven,2,1195000,2011-Q2
Biotechnology,acquired,USA,MA,Boston,Beverly,1,0,2013-Q4
Education,operating,USA,CA,San Diego,San Diego,2,350000,2011-Q4
Software,operating,USA,CA,Los Angeles,Pasadena,1,1890000,2012-Q2
Software,acquired,USA,MA,Boston,Boston,1,1171300,2014-Q4
Chat,operating,CAN,QC,Montreal,MontrŽal,2,3109450,2011-Q1
Biotechnology,operating,USA,IN,Indianapolis,Carmel,7,10601850,2010-Q4
Match-Making,operating,USA,CA,Los Angeles,Santa Monica,2,6000000,2010-Q1
Business Development,operating,CAN,ON,Toronto,Vaughan,1,0,2010-Q1
Startups,operating,USA,CA,Anaheim,Costa Mesa,3,100000,2014-Q2
Biotechnology,operating,USA,MA,Boston,Lexington,2,15000000,2013-Q2
Biotechnology,operating,USA,MA,Boston,Boston,1,3722355,2014-Q4
Biotechnology,operating,USA,TX,Houston,Houston,1,3000000,2014-Q3
Advertising,acquired,USA,CA,SF Bay Area,San Mateo,8,74311925,2013-Q1
Clean Technology,operating,USA,CA,SF Bay Area,San Bruno,2,26040000,2013-Q4
Health and Wellness,operating,USA,TN,Nashville,Nashville,1,2000000,2010-Q3
Biotechnology,operating,USA,NC,Raleigh,Raleigh,2,2808642,2011-Q1
Security,operating,USA,TX,Dallas,Richardson,1,2000000,2010-Q1
Security,operating,USA,CA,SF Bay Area,Sunnyvale,5,23955361,2010-Q3
Biotechnology,operating,USA,NY,New York City,New York,1,8000000,2013-Q2
Software,operating,USA,CA,SF Bay Area,Palo Alto,1,7000000,2012-Q1
SaaS,operating,USA,CA,SF Bay Area,Mountain View,3,41000016,2013-Q4
Biotechnology,operating,USA,NM,Albuquerque,Albuquerque,2,3150000,2012-Q3
Web Hosting,operating,USA,CA,SF Bay Area,San Jose,1,250000,2010-Q2
Software,closed,USA,CO,Denver,Longmont,2,10925000,2011-Q4
Hardware + Software,operating,USA,OH,Dayton,Middletown,1,500000,2014-Q3
Health Care,operating,USA,MA,Boston,Cambridge,3,86823937,2014-Q2
Enterprise Software,operating,USA,RI,Providence,Cranston,1,10000000,2012-Q3
Consulting,operating,USA,NV,Las Vegas,Las Vegas,1,1400000,2014-Q2
Mobile,operating,USA,KS,KS - Other,Mission,3,3800000,2014-Q2
Automotive,operating,USA,MI,Detroit,Troy,1,12500000,2014-Q2
Clean Technology,operating,USA,DE,"Wilmington, Delaware",Wilmington,1,0,2012-Q4
Education,operating,USA,CA,SF Bay Area,San Francisco,1,3500000,2014-Q2
Twitter Applications,operating,USA,NY,New York City,New York,1,40000,2013-Q2
Software,operating,CAN,ON,Moncton,Moncton,1,1000000,2012-Q4
Curated Web,operating,USA,IA,Cedar Rapids,Fairfield,1,5000,2012-Q4
Real Estate,operating,USA,NY,New York City,New York,1,2000000,2014-Q2
Hospitality,operating,USA,CA,SF Bay Area,Walnut Creek,1,180000,2014-Q1
Biotechnology,acquired,USA,CA,Sacramento,Davis,2,37700000,2014-Q1
Agriculture,operating,USA,AR,AR - Other,Springdale,2,33333,2013-Q3
Manufacturing,operating,USA,MN,Minneapolis,Wayzata,1,45000,2011-Q2
Biotechnology,operating,USA,MA,Boston,Cambridge,4,20249500,2012-Q1
Manufacturing,operating,USA,AR,Little Rock,Little Rock,1,0,2011-Q2
Mobile,acquired,USA,CA,SF Bay Area,Palo Alto,1,3000000,2014-Q4
E-Commerce,operating,USA,NY,New York City,New York,5,22999079,2011-Q2
Health Care,operating,USA,TX,Dallas,Dallas,1,20000,2011-Q2
Health Care,operating,USA,OK,Oklahoma City,Edmond,1,900000,2011-Q4
Biotechnology,acquired,USA,ME,ME - Other,Limington,2,17000000,2011-Q4
Search,operating,USA,NC,Raleigh,Durham,1,50000,2014-Q1
Software,operating,USA,NY,New York City,New York,2,600000,2014-Q3
Biotechnology,operating,USA,ME,"Portland, Maine",Portland,1,850000,2012-Q1
Biotechnology,operating,USA,MA,Worcester,Hardwick,6,132500000,2014-Q1
News,operating,USA,CO,Denver,Greenwood Village,2,9000000,2014-Q3
Clean Technology,operating,USA,AR,Fayetteville,Fayetteville,1,0,2014-Q1
Hardware + Software,operating,USA,CA,SF Bay Area,Martinez,2,2380000,2010-Q3
Manufacturing,operating,USA,WV,"Charleston, West Virginia",Charleston,1,125000,2012-Q4
Mobile,operating,USA,TX,Dallas,Dallas,8,39948530,2011-Q3
Wireless,operating,USA,WA,Seattle,Seattle,2,35419873,2011-Q4
Travel,operating,USA,CA,SF Bay Area,San Francisco,6,794820000,2014-Q4
Advertising,operating,USA,CO,Grand Junction,Durango,3,4238225,2011-Q1
Mobile,acquired,CAN,QC,Montreal,MontrŽal,2,2500000,2013-Q3
Music,operating,USA,IL,Chicago,Chicago,2,250000,2013-Q2
Messaging,operating,USA,IL,Chicago,Itasca,3,276108581,2014-Q1
Transportation,acquired,USA,PA,Philadelphia,Feasterville Trevose,2,27500000,2012-Q1
Enterprise Software,operating,USA,OH,"Columbus, Ohio",Columbus,1,0,2012-Q2
Clean Technology,operating,USA,MA,Boston,Newton,3,12500000,2011-Q1
Hardware + Software,operating,USA,DC,"Washington, D.C.",Washington,1,929212,2012-Q4
Public Transportation,operating,USA,VA,"Washington, D.C.",Mclean,1,50000000,2011-Q2
Analytics,operating,USA,CA,SF Bay Area,Palo Alto,2,3488033,2012-Q4
Biomass Power Generation,operating,CAN,QC,Montreal,Laval,1,3000000,2013-Q4
Mobile,operating,USA,CA,San Diego,Carlsbad,3,10800000,2010-Q4
Content Syndication,operating,USA,CA,Los Angeles,Culver City,2,2900000,2010-Q2
Telecommunications,operating,USA,FL,Florida's Space Coast,Melbourne Beach,1,6000000,2014-Q1
Sensors,operating,USA,CA,SF Bay Area,San Francisco,2,4249998,2014-Q3
Cloud Data Services,operating,USA,CA,SF Bay Area,San Francisco,1,28000,2014-Q3
Public Transportation,operating,USA,GA,Atlanta,Atlanta,1,6000000,2010-Q1
Developer APIs,operating,USA,CA,SF Bay Area,San Francisco,1,0,2010-Q4
Transportation,operating,USA,VA,"Washington, D.C.",Arlington,2,450000,2013-Q1
Web Hosting,operating,USA,FL,Palm Beaches,Boca Raton,1,10000000,2012-Q1
Big Data,operating,USA,CA,SF Bay Area,San Francisco,1,2511000,2011-Q1
Wireless,operating,USA,CA,SF Bay Area,Mountain View,4,46750000,2012-Q1
Messaging,operating,USA,NY,New York City,New York,4,33458625,2013-Q4
Software,operating,USA,UT,Salt Lake City,Provo,1,1200000,2011-Q4
Mobile,operating,USA,TX,Dallas,Richardson,6,46999996,2014-Q4
Biotechnology,operating,USA,OH,Cincinnati,Cincinnati,2,5100000,2010-Q2
Software,acquired,USA,MA,Boston,Burlington,2,32559918,2013-Q1
Curated Web,operating,USA,CA,SF Bay Area,Palo Alto,1,1000000,2013-Q3
Biotechnology,operating,USA,CA,SF Bay Area,Mountain View,10,57926567,2011-Q1
Games,operating,USA,CA,SF Bay Area,Palo Alto,2,1500000,2014-Q2
Android,operating,USA,MO,St. Louis,St Louis,5,9740000,2013-Q2
Coupons,operating,USA,IL,Chicago,Chicago,2,5200000,2013-Q3
iPhone,acquired,USA,MA,Boston,Boston,2,11500000,2012-Q3
Groceries,operating,USA,CA,SF Bay Area,San Francisco,1,0,2014-Q3
Analytics,operating,CAN,ON,Toronto,Toronto,1,1500000,2010-Q4
Biotechnology,operating,USA,IN,Indianapolis,Indianapolis,1,1000000,2014-Q4
Consulting,operating,USA,NY,New York City,New York,1,100000,2013-Q3
Cloud Infrastructure,acquired,USA,CO,Denver,Boulder,1,0,2012-Q2
Travel,operating,USA,PA,Philadelphia,Philadelphia,1,200000,2013-Q2
Education,operating,USA,CT,Hartford,Norwalk,3,5500000,2012-Q1
Consulting,operating,USA,HI,Kauai,Kapaa,1,0,2011-Q3
Biotechnology,operating,USA,MA,Boston,Cambridge,1,1500000,2011-Q4
Healthcare Services,operating,USA,OR,"Portland, Oregon",Portland,3,4000000,2013-Q3
Biotechnology,operating,USA,MA,Boston,Cambridge,4,83100000,2010-Q3
Biotechnology,operating,USA,MO,St. Louis,St Louis,7,21553364,2013-Q4
Health and Wellness,operating,USA,CO,Denver,Westminster,2,1514985,2012-Q2
Enterprise Software,operating,USA,MA,Boston,Boston,2,9728156,2013-Q3
Software,operating,USA,CA,SF Bay Area,San Mateo,1,8000000,2012-Q3
Games,operating,CAN,QC,Montreal,MontrŽal,1,1900000,2014-Q1
Biotechnology,operating,USA,MD,Hagerstown,Frederick,9,40255517,2014-Q1
Software,acquired,USA,MA,Boston,Littleton,5,53730000,2011-Q3
Semiconductors,operating,USA,CA,Sacramento,Folsom,6,43653352,2010-Q2
E-Commerce,operating,USA,NY,New York City,New York,1,500000,2012-Q3
Analytics,operating,USA,CA,SF Bay Area,San Francisco,5,11637424,2011-Q2
Web Hosting,acquired,USA,CA,Anaheim,Irvine,2,30200000,2014-Q1
Biotechnology,operating,USA,CO,Denver,Aurora,2,515252,2010-Q3
Biotechnology,operating,USA,FL,Tampa,St. Pete Beach,1,0,2012-Q4
Enterprise Software,operating,USA,CA,SF Bay Area,San Jose,1,1253000,2012-Q2
Biotechnology,operating,USA,TX,Austin,Austin,3,2227000,2011-Q2
Health and Wellness,operating,USA,TN,Nashville,Dickson,1,10000000,2010-Q3
Hardware + Software,closed,USA,AZ,Phoenix,Scottsdale,2,845075,2013-Q2
Biotechnology,operating,USA,CA,SF Bay Area,Mountain View,1,600000,2012-Q1
Lighting,acquired,USA,CO,Denver,Boulder,5,10025000,2012-Q1
Hardware + Software,operating,USA,FL,Tampa,Palm Harbor,1,2025000,2011-Q3
Clean Technology,operating,USA,CA,SF Bay Area,Palo Alto,1,40000,2013-Q1
Hardware + Software,operating,USA,SD,SD - Other,Rapid City,2,6097304,2010-Q1
Local Search,operating,USA,WA,Seattle,Seattle,1,17000,2010-Q3
Education,operating,USA,MD,Baltimore,Baltimore,1,277500,2013-Q4
Therapeutics,operating,USA,WA,Seattle,Bothell,4,105000000,2014-Q3
Health Care,operating,USA,NY,NY - Other,Lisle,1,14000000,2014-Q4
Biotechnology,closed,USA,MA,Boston,Burlington,1,4793666,2012-Q3
Biotechnology,operating,USA,CA,SF Bay Area,San Francisco,1,0,2014-Q4
Health Care,operating,USA,MD,"Washington, D.C.",Bethesda,1,4500000,2014-Q2
Health and Wellness,operating,CAN,ON,Toronto,Toronto,1,6171709,2014-Q2
Credit,closed,USA,NC,Raleigh,Durham,1,50000,2011-Q1
Health Care,acquired,USA,MA,Boston,Waltham,1,400000000,2014-Q1
Semiconductors,operating,USA,TX,Austin,Austin,5,73000000,2012-Q4
Cloud Security,operating,USA,TX,Houston,Houston,8,51311845,2013-Q3
Security,operating,USA,CA,SF Bay Area,Fremont,2,27000000,2010-Q2
E-Commerce,operating,USA,RI,Providence,Cranston,1,0,2010-Q4
Real Estate,operating,USA,CA,Ontario - Inland Empire,Rancho Cucamonga,1,0,2011-Q3
Health Care,operating,USA,CA,SF Bay Area,Mountain View,4,68730309,2010-Q2
Analytics,operating,USA,WI,Madison,Madison,1,0,2012-Q4
Clean Technology,operating,USA,TX,Dallas,Addison,1,5000000,2014-Q4
Biotechnology,operating,USA,CO,Grand Junction,Pagosa Springs,1,29000,2010-Q2
Biotechnology,operating,USA,IN,Indianapolis,Indianapolis,3,1345863,2011-Q2
Software,operating,USA,CA,San Diego,Encinitas,4,43772394,2010-Q4
Clean Technology,operating,USA,FL,"Naples, Florida",Bonita Springs,1,25000000,2014-Q4
Enterprise Software,operating,USA,CA,SF Bay Area,San Francisco,1,0,2013-Q4
Clean Technology,operating,USA,MT,MT - Other,Corvallis,2,1147396,2014-Q4
Biotechnology,operating,USA,OH,Cleveland,Cleveland,1,6153863,2010-Q1
Search,operating,USA,CA,SF Bay Area,San Francisco,2,2822067,2014-Q1
Software,operating,USA,WA,Seattle,Seattle,1,2400000,2012-Q2
SaaS,operating,USA,UT,Salt Lake City,Lindon,3,5342432,2012-Q3
Sales and Marketing,operating,USA,CA,SF Bay Area,Palo Alto,1,4000000,2010-Q2
Mobile,operating,USA,NY,New York City,New York,2,1800000,2014-Q1
Construction,operating,USA,CA,SF Bay Area,San Francisco,1,199956,2012-Q1
E-Commerce,closed,USA,WI,Madison,Middleton,3,27890167,2014-Q4
Semiconductors,operating,USA,CA,SF Bay Area,Morgan Hill,8,247377366,2014-Q1
Security,operating,USA,CA,SF Bay Area,San Mateo,7,92900035,2014-Q1
Health Care,operating,USA,FL,Jacksonville,Jacksonville,1,0,2010-Q2
Health Care,operating,USA,CA,SF Bay Area,San Jose,1,72299357,2012-Q4
Small and Medium Businesses,operating,USA,MA,Boston,Waltham,1,3540578,2011-Q3
Analytics,operating,USA,PA,Philadelphia,Wayne,1,0,2010-Q4
Health and Wellness,operating,USA,CA,Los Angeles,Agoura Hills,3,999500,2011-Q4
Software,acquired,USA,CA,San Diego,Carlsbad,1,6000000,2011-Q4
Mobile,operating,USA,CA,SF Bay Area,San Francisco,1,7920000,2011-Q2
Biotechnology,acquired,USA,CA,SF Bay Area,South San Francisco,3,73000000,2010-Q2
Consulting,operating,USA,DC,"Washington, D.C.",Washington,1,50000,2012-Q2
Health and Wellness,operating,USA,CA,SF Bay Area,San Francisco,2,13500000,2010-Q1
Biotechnology,operating,USA,TX,Dallas,Plano,1,100000000,2011-Q4
Nonprofits,operating,USA,AZ,Phoenix,Scottsdale,3,960000,2010-Q2
Software,operating,USA,TX,Dallas,Plano,4,43000000,2011-Q3
Biotechnology,operating,USA,MA,Boston,Waltham,1,250000000,2011-Q1
Biotechnology,operating,USA,MA,Boston,Boston,1,100000,2012-Q2
Consumer Goods,operating,USA,CA,Los Angeles,Los Angeles,1,250000,2012-Q4
E-Commerce,operating,USA,NC,Greensboro,Greensboro,1,2410000,2012-Q2
Software,operating,USA,GA,GA - Other,Hoschton,1,10000,2014-Q1
Education,operating,USA,IL,Chicago,Chicago,2,7500000,2010-Q4
Hardware + Software,operating,USA,CO,Denver,Denver,1,750000,2012-Q4
Video,operating,USA,CO,Denver,Lakewood,1,0,2011-Q3
Manufacturing,operating,USA,CA,San Diego,El Cajon,1,0,2013-Q3
Finance,operating,USA,NJ,Newark,Howell,1,0,2013-Q3
Insurance,operating,USA,TX,Austin,Austin,1,5000000,2014-Q1
Sports,operating,USA,CA,CA - Other,La,1,28000,2014-Q4
Recruiting,operating,USA,CO,Denver,Boulder,1,265000,2014-Q3
Health Care,operating,USA,NY,New York City,New York,2,0,2010-Q1
Curated Web,operating,USA,CA,SF Bay Area,San Francisco,2,22400000,2011-Q1
Search,operating,USA,MA,Boston,Boston,1,1500000,2012-Q3
Security,operating,USA,TX,Austin,Austin,1,9300000,2014-Q4
Health Care,operating,USA,IL,Chicago,Chicago,2,1415000,2014-Q2
Health and Wellness,operating,USA,MI,Lansing,Jackson,1,157000,2011-Q3
Software,operating,USA,TX,Dallas,Dallas,1,0,2011-Q1
Biotechnology,operating,USA,CA,San Diego,San Diego,1,7000000,2011-Q3
Hospitality,operating,USA,IL,Chicago,Chicago,1,7100000,2011-Q2
Search,operating,USA,WA,Seattle,Seattle,1,4750000,2013-Q4
Software,operating,USA,MN,Minneapolis,Saint Paul,1,1200000,2013-Q4
Transportation,operating,USA,NY,New York City,Brooklyn,1,0,2014-Q3
Biotechnology,operating,USA,VA,Roanoke,Danville,1,1080959,2011-Q3
Hospitality,operating,USA,CA,SF Bay Area,San Mateo,1,17000000,2014-Q2
Clean Technology,operating,USA,PA,Pittsburgh,Pittsburgh,1,350000,2011-Q3
Software,operating,USA,MN,Minneapolis,Burnsville,1,600000,2011-Q1
Real Estate,operating,USA,PA,Harrisburg,York,1,0,2010-Q4
Health and Wellness,operating,USA,UT,Salt Lake City,Salt Lake City,2,14300000,2013-Q4
Mobile,operating,USA,NY,New York City,New York,1,8000000,2014-Q1
Manufacturing,operating,USA,VA,Roanoke,Roanoke,1,0,2011-Q2
Finance,operating,USA,IN,Fort Wayne,Fort Wayne,3,1458786,2014-Q1
Clean Technology,operating,USA,PA,Philadelphia,Wayne,1,53000000,2011-Q4
Health and Wellness,operating,USA,NY,New York City,New York,1,118125,2013-Q4
Biotechnology,operating,USA,CA,San Diego,San Diego,1,490000,2012-Q3
Cloud Computing,operating,USA,UT,Salt Lake City,Tremonton,1,1000000,2014-Q3
Mobile,operating,USA,NE,NE - Other,Imperial,3,8135000,2014-Q2
Biotechnology,operating,USA,CA,SF Bay Area,Menlo Park,3,11587263,2014-Q1
Enterprise Software,operating,CAN,BC,Vancouver,Vancouver,2,7409591,2014-Q3
Biotechnology,operating,CAN,BC,Vancouver,Vancouver,2,11626182,2013-Q4
Public Relations,closed,USA,CA,SF Bay Area,Livermore,2,38000000,2014-Q2
Health and Wellness,operating,USA,OH,Cincinnati,Cincinnati,1,200000,2010-Q3
Biotechnology,operating,CAN,QC,Montreal,MontrŽal,1,15400000,2010-Q1
Carbon,operating,USA,CA,SF Bay Area,Oakland,1,5000000,2010-Q1
Education,operating,USA,MD,Baltimore,Baltimore,1,800000,2010-Q3
Advertising,operating,USA,NY,New York City,New York,1,30000000,2012-Q3
Biotechnology,operating,USA,WA,Seattle,Seattle,4,36902500,2014-Q4
Software,operating,USA,TX,Dallas,Addison,1,2449500,2014-Q2
Open Source,operating,USA,CO,Denver,Longmont,1,500000,2010-Q2
Sports,operating,USA,CA,SF Bay Area,San Francisco,5,2879987,2010-Q4
Finance,operating,USA,IL,Carthage,Carthage,3,4015000,2014-Q3
Curated Web,acquired,USA,MA,Boston,Cambridge,1,2000000,2014-Q3
Health Care,operating,USA,MA,Boston,Wellesley,3,4469794,2014-Q3
Telecommunications,acquired,USA,NY,"Rochester, New York",East Rochester,3,8500000,2011-Q1
Health and Wellness,operating,USA,CA,SF Bay Area,Fremont,1,200000,2013-Q4
Software,operating,USA,MA,Worcester,Hardwick,1,200000,2014-Q4
Agriculture,acquired,USA,CA,San Diego,San Diego,2,27200000,2014-Q1
Manufacturing,operating,CAN,ON,Toronto,Toronto,1,0,2012-Q1
Mobile,operating,USA,CA,SF Bay Area,Palo Alto,1,1525000,2010-Q3
Health and Wellness,operating,USA,CA,SF Bay Area,Palo Alto,1,9000000,2014-Q3
Advertising,operating,USA,NY,New York City,New York,2,5407657,2011-Q1
Health and Wellness,operating,USA,CO,Denver,Centennial,1,3700000,2012-Q3
Health Care,operating,USA,MA,Boston,Cambridge,2,710000000,2012-Q1
Mobile,closed,USA,MD,"Washington, D.C.",Rockville,1,445000,2014-Q2
Health and Wellness,operating,USA,NY,New York City,New York,1,4500000,2012-Q3
Mobile,operating,USA,CA,SF Bay Area,Palo Alto,2,2750000,2011-Q4
Mobile,operating,USA,TN,Nashville,Nashville,1,500000,2014-Q3
Software,operating,USA,CA,Ontario - Inland Empire,Chino,1,2620018,2014-Q2
Software,operating,USA,FL,Tampa,Palm Harbor,1,200000,2013-Q1
Technology,operating,USA,CA,SF Bay Area,Sunnyvale,1,1750000,2014-Q2
Clean Technology,operating,USA,CA,SF Bay Area,San Francisco,4,31000000,2011-Q4
Advertising,operating,USA,CA,Los Angeles,Los Angeles,1,1000000,2010-Q4
Stock Exchanges,operating,USA,CA,SF Bay Area,San Francisco,3,1400000,2012-Q1
Finance,operating,USA,PA,Pittsburgh,Pittsburgh,1,800000,2011-Q2
Financial Exchanges,operating,USA,NY,New York City,New York,1,1350000,2010-Q1
Computers,operating,USA,CA,SF Bay Area,Los Gatos,1,0,2012-Q1
DOD/Military,closed,USA,AZ,Phoenix,Scottsdale,1,0,2012-Q3
Health Care,operating,USA,CA,San Diego,Carlsbad,2,58950000,2011-Q3
Web Hosting,operating,USA,NJ,NJ - Other,Princeton Junction,2,22100000,2012-Q1
Big Data Analytics,operating,USA,CA,SF Bay Area,San Francisco,2,23500000,2010-Q4
Hardware + Software,operating,USA,CA,Anaheim,Huntington Beach,2,2132731,2013-Q4
Biotechnology,operating,USA,MA,Boston,Hopkinton,3,5900000,2010-Q3
Biotechnology,operating,USA,KY,Lexington,Lexington,3,3219763,2012-Q1
Mobile,operating,USA,CA,SF Bay Area,San Francisco,1,1260000,2013-Q4
Semiconductors,operating,USA,CA,SF Bay Area,Campbell,1,1700000,2014-Q3
Manufacturing,acquired,USA,CA,SF Bay Area,Santa Clara,1,72000000,2012-Q1
Biotechnology,closed,USA,CA,San Diego,San Diego,2,23466666,2014-Q3
Biotechnology,operating,USA,MD,Baltimore,Baltimore,1,46000,2010-Q2
Hospitality,operating,USA,OR,"Portland, Oregon",Lake Oswego,1,210000,2014-Q2
Clean Technology,operating,USA,WA,Seattle,Seattle,1,26250000,2012-Q3
Health and Wellness,closed,USA,CA,SF Bay Area,Sunnyvale,1,387996,2010-Q4
Entertainment,operating,USA,MD,"Washington, D.C.",Rockville,4,475000,2014-Q4
Biotechnology,operating,USA,GA,Atlanta,Atlanta,2,3685000,2010-Q1
Health Care,operating,USA,CA,SF Bay Area,Fremont,4,23000000,2011-Q3
Medical Devices,operating,USA,CA,SF Bay Area,Fremont,2,12310333,2013-Q1
Biotechnology,operating,USA,CA,Anaheim,Irvine,1,7000000,2013-Q1
Clean Technology,closed,USA,NY,Long Island,Uniondale,1,10000,2013-Q1
Software,acquired,USA,TX,Austin,Austin,3,26800000,2011-Q4
Data Integration,operating,USA,CA,Anaheim,Irvine,3,78000000,2013-Q3
Biotechnology,operating,USA,CA,San Diego,San Diego,3,10974363,2010-Q4
Biotechnology,closed,USA,CA,SF Bay Area,South San Francisco,2,32500000,2014-Q3
Biotechnology,operating,USA,OK,Oklahoma City,Oklahoma City,2,10055948,2014-Q1
Software,operating,USA,CO,Colorado Springs,Colorado Springs,1,1157500,2011-Q3
Wireless,operating,USA,CA,SF Bay Area,San Jose,6,85100000,2012-Q4
Public Relations,operating,USA,CA,SF Bay Area,San Jose,1,1000000,2014-Q2
Mobile,operating,USA,MA,Boston,Tewksbury,2,60500002,2013-Q1
Mobile,operating,USA,MA,Boston,Tewksbury,1,9500000,2012-Q4
Advertising,operating,USA,CO,Denver,Denver,3,12200000,2011-Q1
Education,acquired,USA,CA,SF Bay Area,San Francisco,2,26600000,2013-Q2
Retail,operating,USA,NY,New York City,New York,1,745000,2011-Q1
Biotechnology,operating,USA,FL,Pensacola,Miramar Beach,6,30561045,2013-Q4
Security,acquired,USA,CA,SF Bay Area,Redwood City,2,16000000,2011-Q1
Hardware + Software,operating,USA,CA,SF Bay Area,San Jose,1,1500000,2012-Q1
Search,acquired,USA,NY,New York City,New York,4,9499393,2011-Q2
Education,operating,USA,CA,SF Bay Area,San Francisco,2,33000000,2014-Q3
College Recruiting,operating,USA,CA,SF Bay Area,Oakland,1,0,2012-Q1
Finance,operating,USA,CA,Los Angeles,Santa Monica,1,125000,2010-Q3
Medical,operating,USA,NY,New York City,Woodmere,1,0,2014-Q2
Biotechnology,operating,USA,MA,Boston,Waltham,1,2000000,2011-Q4
Social Media Monitoring,acquired,USA,NY,New York City,New York,1,0,2014-Q4
Semiconductors,acquired,USA,CA,SF Bay Area,Los Gatos,3,64000000,2011-Q2
Health and Wellness,operating,USA,CA,San Diego,San Diego,1,75000,2010-Q1
Biotechnology,operating,USA,CA,SF Bay Area,Mountain View,1,20000000,2010-Q1
Technology,operating,CAN,QC,Montreal,Pointe-claire,1,800000,2010-Q1
Broadcasting,operating,USA,CA,SF Bay Area,Santa Clara,1,15400000,2012-Q4
Software,operating,USA,MI,Detroit,Royal Oak,4,18000,2012-Q2
Clean Technology,operating,USA,CA,SF Bay Area,Cupertino,3,3310000,2014-Q1
Public Relations,acquired,USA,CA,SF Bay Area,Fremont,2,0,2014-Q3
Curated Web,acquired,USA,CA,SF Bay Area,Oakland,2,28300000,2011-Q3
Semiconductors,operating,USA,NH,"Manchester, New Hampshire",Salem,3,26300000,2014-Q2
Health Care,operating,USA,MN,"Rochester, Minnesota",Rochester,1,1185800,2010-Q2
Hardware + Software,operating,USA,MA,Boston,Newton,1,5000000,2010-Q3
Pharmaceuticals,operating,USA,SC,SC - Other,North Augusta,1,23999970,2013-Q4
Semiconductors,operating,USA,MI,Detroit,Ann Arbor,8,36868609,2010-Q2
Biotechnology,acquired,USA,CA,San Diego,San Diego,5,113427869,2014-Q4
SaaS,operating,USA,TN,Chattanooga,Chattanooga,2,2000000,2011-Q4
Clean Technology,operating,USA,MA,Boston,Cambridge,3,50000000,2014-Q2
Biotechnology,operating,USA,CA,San Diego,La Jolla,1,10000000,2012-Q1
Consulting,operating,USA,VA,"Washington, D.C.",Herndon,1,0,2014-Q4
Software,acquired,USA,MN,Minneapolis,Eden Prairie,1,0,2010-Q2
Biotechnology,operating,USA,CA,"Orange County, California",Tustin,1,1327250,2014-Q2
Health Care,operating,USA,UT,Salt Lake City,Salt Lake City,5,129625000,2014-Q1
Public Relations,operating,USA,CA,SF Bay Area,Sunnyvale,1,0,2011-Q4
Biotechnology,operating,USA,GA,Atlanta,Marietta,2,3730000,2013-Q3
Networking,operating,USA,NY,NY - Other,Clarence Center,1,0,2014-Q2
Biotechnology,operating,USA,TN,Nashville,Brentwood,4,8877015,2013-Q4
Real Estate,operating,USA,CA,Anaheim,Orange,1,4000000,2014-Q4
Health and Wellness,operating,USA,GA,Atlanta,Norcross,1,1300000,2013-Q4
Nonprofits,operating,USA,MD,"Washington, D.C.",Chevy Chase,1,2000000,2014-Q2
Biotechnology,operating,USA,TX,Dallas,Dallas,3,9520000,2011-Q1
Trading,operating,USA,NY,New York City,New York,1,170000,2014-Q3
Medical,operating,USA,IN,Indianapolis,Indianapolis,1,0,2013-Q3
E-Commerce,operating,USA,CA,SF Bay Area,San Francisco,1,1399996,2013-Q1
Legal,operating,USA,AR,Little Rock,Little Rock,1,3000000,2012-Q2
Biotechnology,operating,USA,OH,"Columbus, Ohio",Columbus,2,217708,2012-Q2
Health and Wellness,operating,USA,CA,Anaheim,Irvine,1,263500,2011-Q1
Health and Wellness,operating,USA,NY,Long Island,Jericho,1,296487,2010-Q4
Health and Wellness,operating,USA,TN,Nashville,Franklin,2,1612500,2013-Q1
Pets,operating,USA,TX,Houston,Richmond,1,325000,2011-Q2
Medical,operating,USA,FL,FL - Other,Belleair Beach,1,100000,2010-Q4
Biotechnology,operating,USA,MN,Minneapolis,Eden Prairie,1,1350000,2010-Q2
News,operating,USA,VA,Norfolk - Virginia Beach,Virginia Beach,1,0,2014-Q1
Biotechnology,operating,USA,MA,Boston,Boston,2,47149345,2012-Q2
Portals,operating,USA,CT,Hartford,Fairfield,2,4400000,2010-Q3
Health Care,operating,USA,FL,Palm Beaches,Palm Beach Gardens,1,0,2012-Q1
Real Estate,operating,USA,CA,SF Bay Area,Fremont,1,0,2013-Q3
Entertainment,operating,USA,NY,Long Island,Port Washington,1,0,2014-Q2
Education,operating,USA,UT,Salt Lake City,Provo,1,6800000,2010-Q1
Manufacturing,operating,USA,NV,Las Vegas,Boulder City,3,878000,2012-Q1
Enterprise Software,operating,USA,FL,Miami,Miami,1,40000,2013-Q1
Games,operating,USA,IL,Chicago,Willowbrook,2,2115176,2014-Q4
Analytics,operating,USA,CA,SF Bay Area,Palo Alto,1,2000000,2011-Q2
Nonprofits,operating,USA,NY,New York City,New York,2,3780000,2012-Q1
Consulting,operating,USA,AR,Little Rock,Little Rock,1,0,2014-Q3
Health Care,operating,USA,NJ,Newark,Cranbury,4,74866943,2012-Q3
Curated Web,acquired,USA,NY,New York City,Long Island City,2,3900000,2014-Q4
Health and Wellness,operating,USA,UT,Salt Lake City,Salt Lake City,2,1750000,2010-Q3
Biotechnology,operating,USA,WA,Seattle,Kenmore,2,2002697,2012-Q2
Communities,operating,USA,MA,Boston,Boston,1,1650000,2013-Q3
Software,closed,USA,CA,SF Bay Area,San Mateo,1,16000000,2013-Q4
Software,operating,CAN,ON,Toronto,Toronto,1,100000,2014-Q1
Health and Wellness,operating,USA,CT,Hartford,Waterbury,1,1878538,2010-Q1
Energy,operating,USA,FL,Florida's Space Coast,Melbourne,1,202125,2013-Q4
Mobile,operating,USA,CA,SF Bay Area,Santa Clara,1,0,2010-Q3
Advertising,acquired,USA,CA,SF Bay Area,Redwood City,6,72000000,2011-Q2
Clean Technology,operating,USA,CA,Los Angeles,Torrance,2,169400000,2012-Q1
Biotechnology,acquired,USA,NJ,Newark,Allendale,2,1025000,2013-Q3
Biotechnology,operating,CAN,ON,Toronto,Toronto,9,1625039,2012-Q3
Smart Grid,operating,USA,MA,Boston,Lawrence,1,2900000,2010-Q2
Hardware + Software,operating,USA,CA,SF Bay Area,Redwood City,1,5000000,2011-Q3
Biotechnology,operating,USA,CA,SF Bay Area,San Francisco,1,14000000,2010-Q1
Biotechnology,operating,USA,MN,Minneapolis,Minneapolis,2,600000,2012-Q2
Biotechnology,operating,USA,CA,San Diego,La Jolla,3,7265271,2012-Q2
Hardware + Software,operating,USA,CA,SF Bay Area,Fremont,1,10500000,2010-Q4
E-Commerce,operating,USA,NY,New York City,New York,3,9685264,2010-Q1
Brand Marketing,operating,USA,MI,Detroit,Ann Arbor,3,10100000,2014-Q4
Health Care,operating,USA,CA,SF Bay Area,San Francisco,1,0,2013-Q2
Biotechnology,closed,USA,AZ,Tucson,Tucson,2,9140433,2014-Q3
Health Care,operating,USA,TN,Nashville,Nashville,3,6706000,2010-Q1
SaaS,operating,USA,CA,SF Bay Area,San Francisco,2,2000000,2011-Q3
Nanotechnology,operating,USA,CA,SF Bay Area,Sunnyvale,2,55000000,2013-Q2
Software,operating,USA,CA,Los Angeles,Los Angeles,1,0,2014-Q1
Legal,operating,USA,CO,Denver,Golden,4,15980000,2010-Q4
Public Relations,operating,USA,PA,Philadelphia,Newtown Square,1,0,2011-Q2
Clean Technology,operating,USA,MA,Boston,Devens,1,25000000,2011-Q4
Real Estate,operating,USA,NY,"Albany, New York",Amsterdam,1,0,2013-Q4
Biotechnology,closed,USA,MD,"Washington, D.C.",Rockville,1,1700000,2011-Q3
Health Care,operating,USA,CA,SF Bay Area,Mountain View,2,255000,2012-Q3
Logistics,operating,USA,CO,Vail,Eagle,1,0,2013-Q2
Chemicals,operating,USA,CA,SF Bay Area,Emeryville,10,417040423,2010-Q2
Software,operating,USA,MD,Baltimore,Baltimore,1,100000,2014-Q3
Analytics,operating,USA,CA,San Diego,San Diego,1,1318297,2010-Q1
Consulting,acquired,USA,CA,San Diego,San Diego,1,7500000,2010-Q4
Health Care,operating,USA,CA,SF Bay Area,Palo Alto,7,191500000,2011-Q1
Clean Technology,operating,CAN,ON,Toronto,Toronto,1,46256055,2011-Q4
Software,operating,USA,CA,Los Angeles,Torrance,1,0,2013-Q2
Web Hosting,closed,USA,CA,SF Bay Area,Sunnyvale,2,22600000,2014-Q4
Semiconductors,operating,USA,CA,SF Bay Area,Santa Clara,3,39400000,2012-Q3
Health Care,operating,USA,IL,Chicago,Chicago,5,38550000,2012-Q2
Biotechnology,operating,USA,CO,Denver,Denver,1,700000,2013-Q4
Enterprise Software,operating,CAN,NS,Halifax,Halifax,1,1400000,2010-Q1
Internet,acquired,USA,CA,San Diego,San Diego,3,5550000,2014-Q3
Biotechnology,closed,USA,CA,San Diego,La Jolla,3,24300000,2011-Q2
Enterprise Software,operating,USA,CA,SF Bay Area,San Francisco,3,144400000,2011-Q1
Analytics,operating,USA,CA,SF Bay Area,San Francisco,1,100000,2012-Q4
Internet,operating,USA,UT,Salt Lake City,Provo,2,333200000,2014-Q2
Web Hosting,operating,USA,CA,SF Bay Area,San Jose,1,7000000,2011-Q2
Software,operating,USA,NY,New York City,Kingston,2,590000,2013-Q2
Advertising,closed,USA,CA,SF Bay Area,Mountain View,2,6000000,2013-Q4
Biotechnology,operating,USA,MA,Boston,Cambridge,1,10000000,2014-Q2
Mobile,operating,USA,CA,SF Bay Area,Sunnyvale,1,10500000,2012-Q3
Water Purification,operating,USA,IL,"Springfield, Illinois",Champaign,3,2277608,2014-Q1
Software,operating,USA,NY,New York City,New York,1,3000000,2013-Q1
Finance,acquired,USA,RI,Providence,Providence,2,9350000,2011-Q3
Aerospace,operating,USA,OH,Akron - Canton,Kent,1,250000,2010-Q2
Biotechnology,acquired,USA,IL,Rockford,Rockford,1,75000000,2010-Q4
Semiconductors,closed,USA,AZ,Phoenix,Tempe,1,18000000,2011-Q1
Education,operating,USA,CT,Hartford,Westport,1,650000,2014-Q1
Fashion,operating,USA,TX,Dallas,Little Elm,1,50000,2014-Q4
Biotechnology,operating,USA,CA,"Orange County, California",Tustin,2,13261453,2014-Q1
Software,operating,USA,CT,Hartford,Cheshire,1,1000000,2010-Q1
Biotechnology,operating,USA,TX,Houston,Galveston,1,1307000,2012-Q4
Biotechnology,operating,USA,NY,New York City,New York,1,500000,2013-Q3
Biotechnology,closed,USA,MO,Kansas City,Independence,1,400000,2014-Q3
Consulting,operating,USA,OR,Eugene,Eugene,1,0,2010-Q1
Mobile,operating,USA,OH,Cleveland,Cleveland,1,0,2012-Q1
Nonprofits,operating,USA,LA,Baton Rouge,Baton Rouge,1,1300000,2012-Q1
Hospitality,operating,USA,AZ,Phoenix,Phoenix,1,0,2010-Q1
Biotechnology,operating,USA,CA,SF Bay Area,South San Francisco,2,5000000,2014-Q4
Health Care,operating,USA,TN,Nashville,Nashville,1,0,2010-Q2
Biotechnology,operating,USA,CA,SF Bay Area,Los Altos,1,1110000,2011-Q3
Analytics,operating,USA,CA,SF Bay Area,Mountain View,4,329600,2014-Q3
Education,operating,USA,FL,Pensacola,Pensacola,1,0,2010-Q1
Databases,operating,USA,CA,SF Bay Area,San Francisco,2,24100000,2011-Q3
Finance,operating,USA,CA,SF Bay Area,San Francisco,2,1500000,2010-Q3
Advertising,operating,USA,IN,Indianapolis,Indianapolis,9,182600000,2014-Q1
Biotechnology,operating,USA,NY,New York City,New York,1,3999999,2010-Q1
Health and Wellness,operating,USA,CA,SF Bay Area,Mountain View,1,1800000,2014-Q1
Biotechnology,acquired,USA,CA,SF Bay Area,Fremont,2,42000000,2014-Q3
Health Care,operating,USA,CO,Denver,Wheat Ridge,6,30150000,2014-Q2
Venture Capital,operating,USA,NY,New York City,New York,1,0,2012-Q3
Software,acquired,USA,CA,SF Bay Area,Palo Alto,1,225000,2012-Q4
Health Care,operating,USA,CA,San Diego,San Diego,3,3801500,2010-Q3
Biotechnology,operating,USA,IN,Indianapolis,West Lafayette,1,150000,2014-Q3
Software,closed,USA,CA,SF Bay Area,San Francisco,1,250000,2013-Q1
Virtual Worlds,operating,USA,CA,SF Bay Area,Mountain View,1,150000,2010-Q4
Bioinformatics,operating,USA,FL,Tallahassee,Tallahassee,1,0,2014-Q2
Entertainment,operating,USA,CA,SF Bay Area,San Francisco,2,105000000,2013-Q1
Non Profit,operating,USA,MI,Detroit,Ann Arbor,1,500000,2010-Q1
Health Care,operating,USA,CA,SF Bay Area,Los Gatos,6,13593104,2011-Q3
Fashion,operating,USA,NY,New York City,New York,1,0,2013-Q4
Biotechnology,operating,USA,CA,SF Bay Area,Palo Alto,1,999999,2014-Q3
Hardware + Software,operating,CAN,ON,Ottawa,Ottawa,1,5000000,2010-Q2
Biotechnology,operating,USA,MA,Boston,Wayland,3,10375000,2011-Q2
Enterprise Software,acquired,USA,GA,Atlanta,Alpharetta,1,5600000,2014-Q1
Software,operating,USA,CA,SF Bay Area,San Francisco,1,0,2011-Q3
Social Media,operating,USA,WA,Seattle,Bellevue,3,1372725,2012-Q3
Online Dating,operating,USA,NY,New York City,New York,2,35000,2012-Q2
Messaging,operating,USA,CA,Los Angeles,Malibu,1,1500000,2011-Q1
Opinions,closed,USA,FL,Fort Myers,Cape Coral,1,200000,2010-Q4
Advertising,operating,USA,MO,St. Louis,St Louis,1,0,2013-Q2
Consumer Internet,operating,CAN,ON,Toronto,Markham,1,10000,2014-Q1
Location Based Services,operating,USA,CA,San Diego,La Jolla,4,400000,2010-Q1
Nanotechnology,operating,USA,NY,New York City,New York,6,17194549,2014-Q2
Health Care,closed,USA,TN,Nashville,Franklin,1,4800000,2010-Q3
Reputation,closed,USA,PA,Philadelphia,Philadelphia,1,0,2011-Q3
Software,operating,USA,CA,SF Bay Area,Santa Clara,1,10000000,2012-Q1